GitHub Organization info Organization list,2021 October 8th update,CSV file,,,
Handle,Name,Type and owner,Creation date,Repository count,Member count
@seanpm2001,seanpm2001,Normal account (GitHub) main account,2020.05.25,1146,667
@404-Day,404-Day,GitHub Organization (by @seanpm2001),Not listed,Not calculated yet,1
@9x-Internet,9x-Internet,GitHub Organization (by @seanpm2001),Not listed,Not calculated yet,1
@AdBool,AdBool,GitHub Organization (by @seanpm2001),Not listed,Not calculated yet,1
@Advanced-Eye-Chart,Advanced-Eye-Chart,GitHub Organization (by @seanpm2001),Not listed,Not calculated yet,1
@AGRAN-lang,AGRAN-lang,GitHub Organization (by @seanpm2001),Not listed,Not calculated yet,1
@AudiBass-Manager,AudiBass-Manager,GitHub Organization (by @seanpm2001),Not listed,Not calculated yet,1
@BGemJam-game,BGemJam-game,GitHub Organization (by @seanpm2001),Not listed,Not calculated yet,1
@Bitchecker-dev,Bitchecker-dev,GitHub Organization (by @seanpm2001),Not listed,Not calculated yet,1
@Blue-Dentures,Blue-Dentures,GitHub Organization (by @seanpm2001),Not listed,Not calculated yet,1
@BluPhone,BluPhone,GitHub Organization (by @seanpm2001),Not listed,Not calculated yet,1
@Boom-Bay,Boom-Bay,GitHub Organization (by @seanpm2001),Not listed,Not calculated yet,1
@BootDown-dev,BootDown-dev,GitHub Organization (by @seanpm2001),Not listed,Not calculated yet,1
@Branch-Ranch,Branch-Ranch,GitHub Organization (by @seanpm2001),Not listed,Not calculated yet,1
@CamCamPlus,CamCamPlus,GitHub Organization (by @seanpm2001),Not listed,Not calculated yet,1
@Candroid-dev,Candroid-dev,GitHub Organization (by @seanpm2001),Not listed,Not calculated yet,1
@CH3-c-K,CH3-c-K,GitHub Organization (by @seanpm2001),Not listed,Not calculated yet,1
@ChromaTagsForGit,ChromaTagsForGit,GitHub Organization (by @seanpm2001),Not listed,Not calculated yet,1
@Code-distancing,Code-distancing,GitHub Organization (by @seanpm2001),Not listed,Not calculated yet,1
@Coloress-dev,Coloress-dev,GitHub Organization (by @seanpm2001),Not listed,Not calculated yet,1
@CompuBunker,CompuBunker,GitHub Organization (by @seanpm2001),Not listed,Not calculated yet,1
@Compunker,Compunker,GitHub Organization (by @seanpm2001),Not listed,Not calculated yet,1
@CompuSmell,CompuSmell,GitHub Organization (by @seanpm2001),Not listed,Not calculated yet,1
@Computing-longevity,Computing-longevity,GitHub Organization (by @seanpm2001),Not listed,Not calculated yet,1
@CottonTree,CottonTree,GitHub Organization (by @seanpm2001),Not listed,Not calculated yet,1
@CountMausoleum,CountMausoleum,GitHub Organization (by @seanpm2001),Not listed,Not calculated yet,1
@CrossCompatXU,CrossCompatXU,GitHub Organization (by @seanpm2001),Not listed,Not calculated yet,1
@Cyborg-System-Monitor,Cyborg-System-Monitor,GitHub Organization (by @seanpm2001),Not listed,Not calculated yet,1
@Degoogle-your-life,Degoogle-your-life,GitHub Organization (by @seanpm2001),Not listed,Not calculated yet,1
@DentalBar-Whitetooth-pro,DentalBar-Whitetooth-pro,GitHub Organization (by @seanpm2001),Not listed,Not calculated yet,1
@DMail-Client,DMail-Client,GitHub Organization (by @seanpm2001),Not listed,Not calculated yet,1
@Doorcrete,Doorcrete,GitHub Organization (by @seanpm2001),Not listed,Not calculated yet,1
@DOS-Buddy,DOS-Buddy,GitHub Organization (by @seanpm2001),Not listed,Not calculated yet,1
@Economica-dev,Economica-dev,GitHub Organization (by @seanpm2001),Not listed,Not calculated yet,1
@Egg-org,Egg-org,GitHub Organization (by @seanpm2001),Not listed,Not calculated yet,1
@Engineer-Superdesk,Engineer-Superdesk,GitHub Organization (by @seanpm2001),Not listed,Not calculated yet,1
@FBI-Roleplay-Simulator,FBI-Roleplay-Simulator,GitHub Organization (by @seanpm2001),Not listed,Not calculated yet,1
@FourThousandNinetySix,FourThousandNinetySix,GitHub Organization (by @seanpm2001),Not listed,Not calculated yet,1
@Frog-mania,Frog-mania,GitHub Organization (by @seanpm2001),Not listed,Not calculated yet,1
@Gaslight-Galactica,Gaslight-Galactica,GitHub Organization (by @seanpm2001),Not listed,Not calculated yet,1
@GitHubby-development,GitHubby-development,GitHub Organization (by @seanpm2001),Not listed,Not calculated yet,1
@GitManager-dev,GitManager-dev,GitHub Organization (by @seanpm2001),Not listed,Not calculated yet,1
@Gitty-images,Gitty-images,GitHub Organization (by @seanpm2001),Not listed,Not calculated yet,1
@GK-Keyboard,GK-Keyboard,GitHub Organization (by @seanpm2001),Not listed,Not calculated yet,1
@Go-ogle-engine,Go-ogle-engine,GitHub Organization (by @seanpm2001),Not listed,Not calculated yet,1
@Goodbye-world-program,Goodbye-world-program,GitHub Organization (by @seanpm2001),Not listed,Not calculated yet,1
@GratyBot,GratyBot,GitHub Organization (by @seanpm2001),Not listed,Not calculated yet,1
@GuineaMyrickILifeArchiveProject,GuineaMyrickILifeArchiveProject,GitHub Organization (by @seanpm2001),Not listed,Not calculated yet,1
@Hatium,Hatium,GitHub Organization (by @seanpm2001),Not listed,Not calculated yet,1
@HealthMeterMaximum,HealthMeterMaximum,GitHub Organization (by @seanpm2001),Not listed,Not calculated yet,1
@Hospital-defender,Hospital-defender,GitHub Organization (by @seanpm2001),Not listed,Not calculated yet,1
@HT-Messenger,HT-Messenger,GitHub Organization (by @seanpm2001),Not listed,Not calculated yet,1
@HX-Template,HX-Template,GitHub Organization (by @seanpm2001),Not listed,Not calculated yet,1
@Hyper-Realistic-Farm-Simulator,Hyper-Realistic-Farm-Simulator,GitHub Organization (by @seanpm2001),Not listed,Not calculated yet,1
@iBlast-Game,iBlast-Game,GitHub Organization (by @seanpm2001),Not listed,Not calculated yet,1
@IGNORE-file,IGNORE-file,GitHub Organization (by @seanpm2001),Not listed,Not calculated yet,1
@Its-time-to-cut-WideVine-DRM,Its-time-to-cut-WideVine-DRM,GitHub Organization (by @seanpm2001),Not listed,Not calculated yet,1
@Keyoff-dev,Keyoff-dev,GitHub Organization (by @seanpm2001),Not listed,Not calculated yet,1
@LinkLax-Dev,LinkLax-Dev,GitHub Organization (by @seanpm2001),Not listed,Not calculated yet,1
@Linux-Defender,Linux-Defender,GitHub Organization (by @seanpm2001),Not listed,Not calculated yet,1
@Linux-Marketshare-Ping-Tool,Linux-Marketshare-Ping-Tool,GitHub Organization (by @seanpm2001),Not listed,Not calculated yet,1
@MadLibby,MadLibby,GitHub Organization (by @seanpm2001),Not listed,Not calculated yet,1
@MammalTown,MammalTown,GitHub Organization (by @seanpm2001),Not listed,Not calculated yet,1
@Matrix-lang,Matrix-lang,GitHub Organization (by @seanpm2001),Not listed,Not calculated yet,1
@MCPYE,MCPYE,GitHub Organization (by @seanpm2001),Not listed,Not calculated yet,1
@Medical-ethics,Medical-ethics,GitHub Organization (by @seanpm2001),Not listed,Not calculated yet,1
@Meme-machine-2019,Meme-machine-2019,GitHub Organization (by @seanpm2001),Not listed,Not calculated yet,1
@MicroMiniwave,MicroMiniwave,GitHub Organization (by @seanpm2001),Not listed,Not calculated yet,1
@Myrick-family-archive,Myrick-family-archive,GitHub Organization (by @seanpm2001),Not listed,Not calculated yet,1
@NexxFetch,NexxFetch,GitHub Organization (by @seanpm2001),Not listed,Not calculated yet,1
@NimbleBit-Fan-Club,NimbleBit-Fan-Club,GitHub Organization (by @seanpm2001),Not listed,Not calculated yet,1
@NimbleBit-Games,NimbleBit-Games,GitHub Organization (by @seanpm2001),Not listed,Not calculated yet,1
@NimbleBit-Glossary,NimbleBit-Glossary,GitHub Organization (by @seanpm2001),Not listed,Not calculated yet,1
@Nost-Gia-OS,Nost-Gia-OS,GitHub Organization (by @seanpm2001),Not listed,Not calculated yet,1
@Nostalgia-project,Nostalgia-project,GitHub Organization (by @seanpm2001),Not listed,Not calculated yet,1
@Numeric-Liberation-Front,Numeric-Liberation-Front,GitHub Organization (by @seanpm2001),Not listed,Not calculated yet,1
@NUNIX-dev,NUNIX-dev,GitHub Organization (by @seanpm2001),Not listed,Not calculated yet,1
@OpenGovernment-dev,OpenGovernment-dev,GitHub Organization (by @seanpm2001),Not listed,Not calculated yet,1
@OpenTowers,OpenTowers,GitHub Organization (by @seanpm2001),Not listed,Not calculated yet,1
@OVPVMO-Site,OVPVMO-Site,GitHub Organization (by @seanpm2001),Not listed,Not calculated yet,1
@PasswordGeneratorUltimate,PasswordGeneratorUltimate,GitHub Organization (by @seanpm2001),Not listed,Not calculated yet,1
@Perl-harbor,Perl-harbor,GitHub Organization (by @seanpm2001),Not listed,Not calculated yet,1
@PFOSS-Initiative,PFOSS-Initiative,GitHub Organization (by @seanpm2001),Not listed,Not calculated yet,1
@PhD-In-PHP,PhD-In-PHP,GitHub Organization (by @seanpm2001),Not listed,Not calculated yet,1
@PhoneHome-dev,PhoneHome-dev,GitHub Organization (by @seanpm2001),Not listed,Not calculated yet,1
@Pocket-Village,Pocket-Village,GitHub Organization (by @seanpm2001),Not listed,Not calculated yet,1
@Portal-Voice-Assistant,Portal-Voice-Assistant,GitHub Organization (by @seanpm2001),Not listed,Not calculated yet,1
@PrestigePreview,PrestigePreview,GitHub Organization (by @seanpm2001),Not listed,Not calculated yet,1
@Pri-Fiy,Pri-Fiy,GitHub Organization (by @seanpm2001),Not listed,Not calculated yet,1
@Project1k1,Project1k1,GitHub Organization (by @seanpm2001),Not listed,Not calculated yet,1
@ProTraApp,ProTraApp,GitHub Organization (by @seanpm2001),Not listed,Not calculated yet,1
@PVZ-Custom,PVZ-Custom,GitHub Organization (by @seanpm2001),Not listed,Not calculated yet,1
@PYVM-dev,PYVM-dev,GitHub Organization (by @seanpm2001),Not listed,Not calculated yet,1
@QMeadows-development,QMeadows-development,GitHub Organization (by @seanpm2001),Not listed,Not calculated yet,1
@RailRam-TrainCollection,RailRam-TrainCollection,GitHub Organization (by @seanpm2001),Not listed,Not calculated yet,1
@Ratiyo,Ratiyo,GitHub Organization (by @seanpm2001),Not listed,Not calculated yet,1
@Reactop-computers,Reactop-computers,GitHub Organization (by @seanpm2001),Not listed,Not calculated yet,1
@README-Desktop-LIBrary,README-Desktop-LIBrary,GitHub Organization (by @seanpm2001),Not listed,Not calculated yet,1
@RNAssistant,RNAssistant,GitHub Organization (by @seanpm2001),Not listed,Not calculated yet,1
@RubbleRobot,RubbleRobot,GitHub Organization (by @seanpm2001),Not listed,Not calculated yet,1
@S-Desktop-Environment,S-Desktop-Environment,GitHub Organization (by @seanpm2001),Not listed,Not calculated yet,1
@SafeT-dev,SafeT-dev,GitHub Organization (by @seanpm2001),Not listed,Not calculated yet,1
@ScreenTeX,ScreenTeX,GitHub Organization (by @seanpm2001),Not listed,Not calculated yet,1
@ScriptKidd-toolkit,ScriptKidd-toolkit,GitHub Organization (by @seanpm2001),Not listed,Not calculated yet,1
@Seanpm2001-ABC-lang,Seanpm2001-ABC-lang,GitHub Organization (by @seanpm2001),Not listed,Not calculated yet,1
@Seanpm2001-ActionScript-lang,Seanpm2001-ActionScript-lang,GitHub Organization (by @seanpm2001),Not listed,Not calculated yet,1
@Seanpm2001-ActionServerPages-lang,Seanpm2001-ActionServerPages-lang,GitHub Organization (by @seanpm2001),Not listed,Not calculated yet,1
@Seanpm2001-Ada-lang,Seanpm2001-Ada-lang,GitHub Organization (by @seanpm2001),Not listed,Not calculated yet,1
@Seanpm2001-Adobe,Seanpm2001-Adobe,GitHub Organization (by @seanpm2001),Not listed,Not calculated yet,1
@Seanpm2001-AirBnB,Seanpm2001-AirBnB,GitHub Organization (by @seanpm2001),Not listed,Not calculated yet,1
@Seanpm2001-ALGOL-Lang,Seanpm2001-ALGOL-Lang,GitHub Organization (by @seanpm2001),Not listed,Not calculated yet,1
@seanpm2001-all,seanpm2001-all,GitHub Organization (by @seanpm2001),Not listed,Not calculated yet,1
@Seanpm2001-Android,Seanpm2001-Android,GitHub Organization (by @seanpm2001),Not listed,Not calculated yet,1
@Seanpm2001-Anime,Seanpm2001-Anime,GitHub Organization (by @seanpm2001),Not listed,Not calculated yet,1
@Seanpm2001-Apache,Seanpm2001-Apache,GitHub Organization (by @seanpm2001),Not listed,Not calculated yet,1
@Seanpm2001-Apache-License,Seanpm2001-Apache-License,GitHub Organization (by @seanpm2001),Not listed,Not calculated yet,1
@Seanpm2001-Apple,Seanpm2001-Apple,GitHub Organization (by @seanpm2001),Not listed,Not calculated yet,1
@Seanpm2001-AppleScript-lang,Seanpm2001-AppleScript-lang,GitHub Organization (by @seanpm2001),Not listed,Not calculated yet,1
@Seanpm2001-Appliances,Seanpm2001-Appliances,GitHub Organization (by @seanpm2001),Not listed,Not calculated yet,1
@Seanpm2001-Applications,Seanpm2001-Applications,GitHub Organization (by @seanpm2001),Not listed,Not calculated yet,1
@Seanpm2001-Apps,Seanpm2001-Apps,GitHub Organization (by @seanpm2001),Not listed,Not calculated yet,1
@Seanpm2001-articles,Seanpm2001-articles,GitHub Organization (by @seanpm2001),Not listed,Not calculated yet,1
@Seanpm2001-ASP-DOT-NET-lang,Seanpm2001-ASP-DOT-NET-lang,GitHub Organization (by @seanpm2001),Not listed,Not calculated yet,1
@Seanpm2001-Assembly-lang,Seanpm2001-Assembly-lang,GitHub Organization (by @seanpm2001),Not listed,Not calculated yet,1
@Seanpm2001-audio,Seanpm2001-audio,GitHub Organization (by @seanpm2001),Not listed,Not calculated yet,1
@Seanpm2001-AWK-Lang,Seanpm2001-AWK-Lang,GitHub Organization (by @seanpm2001),Not listed,Not calculated yet,1
@Seanpm2001-B-lang,Seanpm2001-B-lang,GitHub Organization (by @seanpm2001),Not listed,Not calculated yet,1
@Seanpm2001-BASIC-lang,Seanpm2001-BASIC-lang,GitHub Organization (by @seanpm2001),Not listed,Not calculated yet,1
@Seanpm2001-Batchfile-lang,Seanpm2001-Batchfile-lang,GitHub Organization (by @seanpm2001),Not listed,Not calculated yet,1
@Seanpm2001-BeelineInteractive,Seanpm2001-BeelineInteractive,GitHub Organization (by @seanpm2001),Not listed,Not calculated yet,1
@Seanpm2001-BiBTeX-lang,Seanpm2001-BiBTeX-lang,GitHub Organization (by @seanpm2001),Not listed,Not calculated yet,1
@Seanpm2001-Biology,Seanpm2001-Biology,GitHub Organization (by @seanpm2001),Not listed,Not calculated yet,1
@Seanpm2001-Blocklist,Seanpm2001-Blocklist,GitHub Organization (by @seanpm2001),Not listed,Not calculated yet,1
@Seanpm2001-Blockly-lang,Seanpm2001-Blockly-lang,GitHub Organization (by @seanpm2001),Not listed,Not calculated yet,1
@Seanpm2001-BlueTooth,Seanpm2001-BlueTooth,GitHub Organization (by @seanpm2001),Not listed,Not calculated yet,1
@Seanpm2001-Boo-lang,Seanpm2001-Boo-lang,GitHub Organization (by @seanpm2001),Not listed,Not calculated yet,1
@Seanpm2001-Books,Seanpm2001-Books,GitHub Organization (by @seanpm2001),Not listed,Not calculated yet,1
@Seanpm2001-Botany,Seanpm2001-Botany,GitHub Organization (by @seanpm2001),Not listed,Not calculated yet,1
@Seanpm2001-Bots,Seanpm2001-Bots,GitHub Organization (by @seanpm2001),Not listed,Not calculated yet,1
@Seanpm2001-Brainfuck-lang,Seanpm2001-Brainfuck-lang,GitHub Organization (by @seanpm2001),Not listed,Not calculated yet,1
@Seanpm2001-BrightScript-lang,Seanpm2001-BrightScript-lang,GitHub Organization (by @seanpm2001),Not listed,Not calculated yet,1
@Seanpm2001-BrowserExtensions,Seanpm2001-BrowserExtensions,GitHub Organization (by @seanpm2001),Not listed,Not calculated yet,1
@Seanpm2001-Browsers,Seanpm2001-Browsers,GitHub Organization (by @seanpm2001),Not listed,Not calculated yet,1
@Seanpm2001-BSD,Seanpm2001-BSD,GitHub Organization (by @seanpm2001),Not listed,Not calculated yet,1
@Seanpm2001-C-lang,Seanpm2001-C-lang,GitHub Organization (by @seanpm2001),Not listed,Not calculated yet,1
@Seanpm2001-calculator,Seanpm2001-calculator,GitHub Organization (by @seanpm2001),Not listed,Not calculated yet,1
@Seanpm2001-CAML-lang,Seanpm2001-CAML-lang,GitHub Organization (by @seanpm2001),Not listed,Not calculated yet,1
@Seanpm2001-Census,Seanpm2001-Census,GitHub Organization (by @seanpm2001),Not listed,Not calculated yet,1
@Seanpm2001-CLI,Seanpm2001-CLI,GitHub Organization (by @seanpm2001),Not listed,Not calculated yet,1
@Seanpm2001-Clojure-lang,Seanpm2001-Clojure-lang,GitHub Organization (by @seanpm2001),Not listed,Not calculated yet,1
@Seanpm2001-CMake-lang,Seanpm2001-CMake-lang,GitHub Organization (by @seanpm2001),Not listed,Not calculated yet,1
@Seanpm2001-COBOL-Lang,Seanpm2001-COBOL-Lang,GitHub Organization (by @seanpm2001),Not listed,Not calculated yet,1
@Seanpm2001-CoffeeScript-lang,Seanpm2001-CoffeeScript-lang,GitHub Organization (by @seanpm2001),Not listed,Not calculated yet,1
@Seanpm2001-CommonLisp-lang,Seanpm2001-CommonLisp-lang,GitHub Organization (by @seanpm2001),Not listed,Not calculated yet,1
@Seanpm2001-Concepts,Seanpm2001-Concepts,GitHub Organization (by @seanpm2001),Not listed,Not calculated yet,1
@Seanpm2001-COVID-19,Seanpm2001-COVID-19,GitHub Organization (by @seanpm2001),Not listed,Not calculated yet,1
@Seanpm2001-CPP-Lang,Seanpm2001-CPP-Lang,GitHub Organization (by @seanpm2001),Not listed,Not calculated yet,1
@Seanpm2001-Crystal-lang,Seanpm2001-Crystal-lang,GitHub Organization (by @seanpm2001),Not listed,Not calculated yet,1
@Seanpm2001-CS-Class,Seanpm2001-CS-Class,GitHub Organization (by @seanpm2001),Not listed,Not calculated yet,1
@Seanpm2001-CSharp-lang,Seanpm2001-CSharp-lang,GitHub Organization (by @seanpm2001),Not listed,Not calculated yet,1
@Seanpm2001-CSound-lang,Seanpm2001-CSound-lang,GitHub Organization (by @seanpm2001),Not listed,Not calculated yet,1
@Seanpm2001-CSS-Lang,Seanpm2001-CSS-Lang,GitHub Organization (by @seanpm2001),Not listed,Not calculated yet,1
@Seanpm2001-CSV-lang,Seanpm2001-CSV-lang,GitHub Organization (by @seanpm2001),Not listed,Not calculated yet,1
@Seanpm2001-Currency,Seanpm2001-Currency,GitHub Organization (by @seanpm2001),Not listed,Not calculated yet,1
@Seanpm2001-D-lang,Seanpm2001-D-lang,GitHub Organization (by @seanpm2001),Not listed,Not calculated yet,1
@Seanpm2001-Daily-Desktop-Screenshots,Seanpm2001-Daily-Desktop-Screenshots,GitHub Organization (by @seanpm2001),Not listed,Not calculated yet,1
@Seanpm2001-Dart-lang,Seanpm2001-Dart-lang,GitHub Organization (by @seanpm2001),Not listed,Not calculated yet,1
@Seanpm2001-Data,Seanpm2001-Data,GitHub Organization (by @seanpm2001),Not listed,Not calculated yet,1
@seanpm2001-datapacks,seanpm2001-datapacks,GitHub Organization (by @seanpm2001),Not listed,Not calculated yet,1
@Seanpm2001-DDG,Seanpm2001-DDG,GitHub Organization (by @seanpm2001),Not listed,Not calculated yet,1
@Seanpm2001-Diff-lang,Seanpm2001-Diff-lang,GitHub Organization (by @seanpm2001),Not listed,Not calculated yet,1
@Seanpm2001-Discord,Seanpm2001-Discord,GitHub Organization (by @seanpm2001),Not listed,Not calculated yet,1
@Seanpm2001-discussions,Seanpm2001-discussions,GitHub Organization (by @seanpm2001),Not listed,Not calculated yet,1
@Seanpm2001-Disney,Seanpm2001-Disney,GitHub Organization (by @seanpm2001),Not listed,Not calculated yet,1
@Seanpm2001-Dockerfile-lang,Seanpm2001-Dockerfile-lang,GitHub Organization (by @seanpm2001),Not listed,Not calculated yet,1
@Seanpm2001-Documentation,Seanpm2001-Documentation,GitHub Organization (by @seanpm2001),Not listed,Not calculated yet,1
@Seanpm2001-documents,Seanpm2001-documents,GitHub Organization (by @seanpm2001),Not listed,Not calculated yet,1
@Seanpm2001-Dronemap,Seanpm2001-Dronemap,GitHub Organization (by @seanpm2001),Not listed,Not calculated yet,1
@Seanpm2001-DuckDuckGo,Seanpm2001-DuckDuckGo,GitHub Organization (by @seanpm2001),Not listed,Not calculated yet,1
@Seanpm2001-EAGames,Seanpm2001-EAGames,GitHub Organization (by @seanpm2001),Not listed,Not calculated yet,1
@Seanpm2001-Ecosia,Seanpm2001-Ecosia,GitHub Organization (by @seanpm2001),Not listed,Not calculated yet,1
@Seanpm2001-Edhesive,Seanpm2001-Edhesive,GitHub Organization (by @seanpm2001),Not listed,Not calculated yet,1
@Seanpm2001-education,Seanpm2001-education,GitHub Organization (by @seanpm2001),Not listed,Not calculated yet,1
@Seanpm2001-Eiffel-lang,Seanpm2001-Eiffel-lang,GitHub Organization (by @seanpm2001),Not listed,Not calculated yet,1
@Seanpm2001-EJS-lang,Seanpm2001-EJS-lang,GitHub Organization (by @seanpm2001),Not listed,Not calculated yet,1
@Seanpm2001-Elixir-lang,Seanpm2001-Elixir-lang,GitHub Organization (by @seanpm2001),Not listed,Not calculated yet,1
@Seanpm2001-EmacsLisp-lang,Seanpm2001-EmacsLisp-lang,GitHub Organization (by @seanpm2001),Not listed,Not calculated yet,1
@Seanpm2001-Emulators,Seanpm2001-Emulators,GitHub Organization (by @seanpm2001),Not listed,Not calculated yet,1
@Seanpm2001-Erlang-lang,Seanpm2001-Erlang-lang,GitHub Organization (by @seanpm2001),Not listed,Not calculated yet,1
@Seanpm2001-Factor-lang,Seanpm2001-Factor-lang,GitHub Organization (by @seanpm2001),Not listed,Not calculated yet,1
@Seanpm2001-FanGames,Seanpm2001-FanGames,GitHub Organization (by @seanpm2001),Not listed,Not calculated yet,1
@Seanpm2001-Firefox,Seanpm2001-Firefox,GitHub Organization (by @seanpm2001),Not listed,Not calculated yet,1
@Seanpm2001-food,Seanpm2001-food,GitHub Organization (by @seanpm2001),Not listed,Not calculated yet,1
@Seanpm2001-Food-Index,Seanpm2001-Food-Index,GitHub Organization (by @seanpm2001),Not listed,Not calculated yet,1
@Seanpm2001-forkbombs,Seanpm2001-forkbombs,GitHub Organization (by @seanpm2001),Not listed,Not calculated yet,1
@Seanpm2001-Forks,Seanpm2001-Forks,GitHub Organization (by @seanpm2001),Not listed,Not calculated yet,1
@Seanpm2001-Forth-lang,Seanpm2001-Forth-lang,GitHub Organization (by @seanpm2001),Not listed,Not calculated yet,1
@Seanpm2001-FORTRAN-Lang,Seanpm2001-FORTRAN-Lang,GitHub Organization (by @seanpm2001),Not listed,Not calculated yet,1
@Seanpm2001-FreeMarker-lang,Seanpm2001-FreeMarker-lang,GitHub Organization (by @seanpm2001),Not listed,Not calculated yet,1
@Seanpm2001-FSharp-lang,Seanpm2001-FSharp-lang,GitHub Organization (by @seanpm2001),Not listed,Not calculated yet,1
@Seanpm2001-gaming,Seanpm2001-gaming,GitHub Organization (by @seanpm2001),Not listed,Not calculated yet,1
@Seanpm2001-GDScript-lang,Seanpm2001-GDScript-lang,GitHub Organization (by @seanpm2001),Not listed,Not calculated yet,1
@Seanpm2001-Genie-lang,Seanpm2001-Genie-lang,GitHub Organization (by @seanpm2001),Not listed,Not calculated yet,1
@Seanpm2001-Gherkin-lang,Seanpm2001-Gherkin-lang,GitHub Organization (by @seanpm2001),Not listed,Not calculated yet,1
@Seanpm2001-Gists,Seanpm2001-Gists,GitHub Organization (by @seanpm2001),Not listed,Not calculated yet,1
@Seanpm2001-GitHub,Seanpm2001-GitHub,GitHub Organization (by @seanpm2001),Not listed,Not calculated yet,1
@Seanpm2001-GitHub-Pages-Collection,Seanpm2001-GitHub-Pages-Collection,GitHub Organization (by @seanpm2001),Not listed,Not calculated yet,1
@Seanpm2001-GLSL-Lang,Seanpm2001-GLSL-Lang,GitHub Organization (by @seanpm2001),Not listed,Not calculated yet,1
@Seanpm2001-Glu,Seanpm2001-Glu,GitHub Organization (by @seanpm2001),Not listed,Not calculated yet,1
@seanpm2001-GNOME,seanpm2001-GNOME,GitHub Organization (by @seanpm2001),Not listed,Not calculated yet,1
@Seanpm2001-GNU,Seanpm2001-GNU,GitHub Organization (by @seanpm2001),Not listed,Not calculated yet,1
@Seanpm2001-Go-lang,Seanpm2001-Go-lang,GitHub Organization (by @seanpm2001),Not listed,Not calculated yet,1
@Seanpm2001-Godzilab,Seanpm2001-Godzilab,GitHub Organization (by @seanpm2001),Not listed,Not calculated yet,1
@Seanpm2001-Google,Seanpm2001-Google,GitHub Organization (by @seanpm2001),Not listed,Not calculated yet,1
@Seanpm2001-GoogleGo-lang,Seanpm2001-GoogleGo-lang,GitHub Organization (by @seanpm2001),Not listed,Not calculated yet,1
@Seanpm2001-GPL,Seanpm2001-GPL,GitHub Organization (by @seanpm2001),Not listed,Not calculated yet,1
@Seanpm2001-GraphicDesign,Seanpm2001-GraphicDesign,GitHub Organization (by @seanpm2001),Not listed,Not calculated yet,1
@Seanpm2001-GUI,Seanpm2001-GUI,GitHub Organization (by @seanpm2001),Not listed,Not calculated yet,1
@Seanpm2001-Hack-lang,Seanpm2001-Hack-lang,GitHub Organization (by @seanpm2001),Not listed,Not calculated yet,1
@Seanpm2001-HalfBrick-games,Seanpm2001-HalfBrick-games,GitHub Organization (by @seanpm2001),Not listed,Not calculated yet,1
@Seanpm2001-Handlebars-lang,Seanpm2001-Handlebars-lang,GitHub Organization (by @seanpm2001),Not listed,Not calculated yet,1
@Seanpm2001-Hardware,Seanpm2001-Hardware,GitHub Organization (by @seanpm2001),Not listed,Not calculated yet,1
@Seanpm2001-Haskell-lang,Seanpm2001-Haskell-lang,GitHub Organization (by @seanpm2001),Not listed,Not calculated yet,1
@Seanpm2001-Health,Seanpm2001-Health,GitHub Organization (by @seanpm2001),Not listed,Not calculated yet,1
@Seanpm2001-Holiday,Seanpm2001-Holiday,GitHub Organization (by @seanpm2001),Not listed,Not calculated yet,1
@Seanpm2001-Holidays,Seanpm2001-Holidays,GitHub Organization (by @seanpm2001),Not listed,Not calculated yet,1
@Seanpm2001-HTML5-Lang,Seanpm2001-HTML5-Lang,GitHub Organization (by @seanpm2001),Not listed,Not calculated yet,1
@Seanpm2001-HyperHippo,Seanpm2001-HyperHippo,GitHub Organization (by @seanpm2001),Not listed,Not calculated yet,1
@Seanpm2001-Idris-lang,Seanpm2001-Idris-lang,GitHub Organization (by @seanpm2001),Not listed,Not calculated yet,1
@Seanpm2001-ImageJ-lang,Seanpm2001-ImageJ-lang,GitHub Organization (by @seanpm2001),Not listed,Not calculated yet,1
@Seanpm2001-Inform-lang,Seanpm2001-Inform-lang,GitHub Organization (by @seanpm2001),Not listed,Not calculated yet,1
@Seanpm2001-Inno-setup-lang,Seanpm2001-Inno-setup-lang,GitHub Organization (by @seanpm2001),Not listed,Not calculated yet,1
@Seanpm2001-IntelHexBinary-lang,Seanpm2001-IntelHexBinary-lang,GitHub Organization (by @seanpm2001),Not listed,Not calculated yet,1
@Seanpm2001-iOS,Seanpm2001-iOS,GitHub Organization (by @seanpm2001),Not listed,Not calculated yet,1
@Seanpm2001-IronPython-lang,Seanpm2001-IronPython-lang,GitHub Organization (by @seanpm2001),Not listed,Not calculated yet,1
@Seanpm2001-Isabelle-lang,Seanpm2001-Isabelle-lang,GitHub Organization (by @seanpm2001),Not listed,Not calculated yet,1
@Seanpm2001-J-lang,Seanpm2001-J-lang,GitHub Organization (by @seanpm2001),Not listed,Not calculated yet,1
@Seanpm2001-Jade-lang,Seanpm2001-Jade-lang,GitHub Organization (by @seanpm2001),Not listed,Not calculated yet,1
@Seanpm2001-Java-lang,Seanpm2001-Java-lang,GitHub Organization (by @seanpm2001),Not listed,Not calculated yet,1
@Seanpm2001-JavaScript-lang,Seanpm2001-JavaScript-lang,GitHub Organization (by @seanpm2001),Not listed,Not calculated yet,1
@Seanpm2001-JokePrograms,Seanpm2001-JokePrograms,GitHub Organization (by @seanpm2001),Not listed,Not calculated yet,1
@Seanpm2001-Joy-lang,Seanpm2001-Joy-lang,GitHub Organization (by @seanpm2001),Not listed,Not calculated yet,1
@Seanpm2001-JScript-Dot-Net-lang,Seanpm2001-JScript-Dot-Net-lang,GitHub Organization (by @seanpm2001),Not listed,Not calculated yet,1
@Seanpm2001-JScript-lang,Seanpm2001-JScript-lang,GitHub Organization (by @seanpm2001),Not listed,Not calculated yet,1
@Seanpm2001-JSSS-lang,Seanpm2001-JSSS-lang,GitHub Organization (by @seanpm2001),Not listed,Not calculated yet,1
@Seanpm2001-Julia-lang,Seanpm2001-Julia-lang,GitHub Organization (by @seanpm2001),Not listed,Not calculated yet,1
@Seanpm2001-JupyterNotebook-lang,Seanpm2001-JupyterNotebook-lang,GitHub Organization (by @seanpm2001),Not listed,Not calculated yet,1
@Seanpm2001-Jython-lang,Seanpm2001-Jython-lang,GitHub Organization (by @seanpm2001),Not listed,Not calculated yet,1
@Seanpm2001-KDE,Seanpm2001-KDE,GitHub Organization (by @seanpm2001),Not listed,Not calculated yet,1
@Seanpm2001-KhanAcademy,Seanpm2001-KhanAcademy,GitHub Organization (by @seanpm2001),Not listed,Not calculated yet,1
@Seanpm2001-KiXtart-lang,Seanpm2001-KiXtart-lang,GitHub Organization (by @seanpm2001),Not listed,Not calculated yet,1
@Seanpm2001-KolibriGames,Seanpm2001-KolibriGames,GitHub Organization (by @seanpm2001),Not listed,Not calculated yet,1
@Seanpm2001-Kotlin-lang,Seanpm2001-Kotlin-lang,GitHub Organization (by @seanpm2001),Not listed,Not calculated yet,1
@Seanpm2001-languages,Seanpm2001-languages,GitHub Organization (by @seanpm2001),Not listed,Not calculated yet,1
@Seanpm2001-Less-lang,Seanpm2001-Less-lang,GitHub Organization (by @seanpm2001),Not listed,Not calculated yet,1
@seanpm2001-libraries,seanpm2001-libraries,GitHub Organization (by @seanpm2001),Not listed,Not calculated yet,1
@seanpm2001-lifearchive,seanpm2001-lifearchive,GitHub Organization (by @seanpm2001),Not listed,Not calculated yet,1
@seanpm2001-lifearchive-extras,seanpm2001-lifearchive-extras,GitHub Organization (by @seanpm2001),Not listed,Not calculated yet,1
@Seanpm2001-Limbo-lang,Seanpm2001-Limbo-lang,GitHub Organization (by @seanpm2001),Not listed,Not calculated yet,1
@Seanpm2001-Linux,Seanpm2001-Linux,GitHub Organization (by @seanpm2001),Not listed,Not calculated yet,1
@Seanpm2001-Liquid-lang,Seanpm2001-Liquid-lang,GitHub Organization (by @seanpm2001),Not listed,Not calculated yet,1
@Seanpm2001-Lisp-lang,Seanpm2001-Lisp-lang,GitHub Organization (by @seanpm2001),Not listed,Not calculated yet,1
@Seanpm2001-LispFlavoredErlang-Lang,Seanpm2001-LispFlavoredErlang-Lang,GitHub Organization (by @seanpm2001),Not listed,Not calculated yet,1
@Seanpm2001-LogTalk-lang,Seanpm2001-LogTalk-lang,GitHub Organization (by @seanpm2001),Not listed,Not calculated yet,1
@Seanpm2001-LOLCODE-lang,Seanpm2001-LOLCODE-lang,GitHub Organization (by @seanpm2001),Not listed,Not calculated yet,1
@Seanpm2001-Lua-lang,Seanpm2001-Lua-lang,GitHub Organization (by @seanpm2001),Not listed,Not calculated yet,1
@Seanpm2001-M4-Lang,Seanpm2001-M4-Lang,GitHub Organization (by @seanpm2001),Not listed,Not calculated yet,1
@Seanpm2001-MacOS,Seanpm2001-MacOS,GitHub Organization (by @seanpm2001),Not listed,Not calculated yet,1
@Seanpm2001-Maintenance,Seanpm2001-Maintenance,GitHub Organization (by @seanpm2001),Not listed,Not calculated yet,1
@Seanpm2001-Makefile-lang,Seanpm2001-Makefile-lang,GitHub Organization (by @seanpm2001),Not listed,Not calculated yet,1
@Seanpm2001-Malware,Seanpm2001-Malware,GitHub Organization (by @seanpm2001),Not listed,Not calculated yet,1
@Seanpm2001-maps,Seanpm2001-maps,GitHub Organization (by @seanpm2001),Not listed,Not calculated yet,1
@Seanpm2001-MarineBiology,Seanpm2001-MarineBiology,GitHub Organization (by @seanpm2001),Not listed,Not calculated yet,1
@Seanpm2001-Markdown-lang,Seanpm2001-Markdown-lang,GitHub Organization (by @seanpm2001),Not listed,Not calculated yet,1
@Seanpm2001-Mathematica-lang,Seanpm2001-Mathematica-lang,GitHub Organization (by @seanpm2001),Not listed,Not calculated yet,1
@Seanpm2001-Mathematics,Seanpm2001-Mathematics,GitHub Organization (by @seanpm2001),Not listed,Not calculated yet,1
@Seanpm2001-MediaWiki-lang,Seanpm2001-MediaWiki-lang,GitHub Organization (by @seanpm2001),Not listed,Not calculated yet,1
@Seanpm2001-Metric-System,Seanpm2001-Metric-System,GitHub Organization (by @seanpm2001),Not listed,Not calculated yet,1
@Seanpm2001-mhgames,Seanpm2001-mhgames,GitHub Organization (by @seanpm2001),Not listed,Not calculated yet,1
@Seanpm2001-Microsoft,Seanpm2001-Microsoft,GitHub Organization (by @seanpm2001),Not listed,Not calculated yet,1
@Seanpm2001-Minecraft,Seanpm2001-Minecraft,GitHub Organization (by @seanpm2001),Not listed,Not calculated yet,1
@Seanpm2001-MinecraftPE,Seanpm2001-MinecraftPE,GitHub Organization (by @seanpm2001),Not listed,Not calculated yet,1
@Seanpm2001-MIT,Seanpm2001-MIT,GitHub Organization (by @seanpm2001),Not listed,Not calculated yet,1
@Seanpm2001-MIT-License,Seanpm2001-MIT-License,GitHub Organization (by @seanpm2001),Not listed,Not calculated yet,1
@Seanpm2001-Modelica-lang,Seanpm2001-Modelica-lang,GitHub Organization (by @seanpm2001),Not listed,Not calculated yet,1
@Seanpm2001-Modula-2-lang,Seanpm2001-Modula-2-lang,GitHub Organization (by @seanpm2001),Not listed,Not calculated yet,1
@Seanpm2001-Modula-3-lang,Seanpm2001-Modula-3-lang,GitHub Organization (by @seanpm2001),Not listed,Not calculated yet,1
@Seanpm2001-Mojang,Seanpm2001-Mojang,GitHub Organization (by @seanpm2001),Not listed,Not calculated yet,1
@Seanpm2001-MostDeveloped,Seanpm2001-MostDeveloped,GitHub Organization (by @seanpm2001),Not listed,Not calculated yet,1
@Seanpm2001-Motorola-S-Record-lang,Seanpm2001-Motorola-S-Record-lang,GitHub Organization (by @seanpm2001),Not listed,Not calculated yet,1
@Seanpm2001-Mozilla,Seanpm2001-Mozilla,GitHub Organization (by @seanpm2001),Not listed,Not calculated yet,1
@Seanpm2001-MS-DOS-Style-lang,Seanpm2001-MS-DOS-Style-lang,GitHub Organization (by @seanpm2001),Not listed,Not calculated yet,1
@Seanpm2001-Museum,Seanpm2001-Museum,GitHub Organization (by @seanpm2001),Not listed,Not calculated yet,1
@Seanpm2001-NewYearsTag,Seanpm2001-NewYearsTag,GitHub Organization (by @seanpm2001),Not listed,Not calculated yet,1
@Seanpm2001-NGMoco,Seanpm2001-NGMoco,GitHub Organization (by @seanpm2001),Not listed,Not calculated yet,1
@Seanpm2001-Nim-lang,Seanpm2001-Nim-lang,GitHub Organization (by @seanpm2001),Not listed,Not calculated yet,1
@Seanpm2001-Nintendo,Seanpm2001-Nintendo,GitHub Organization (by @seanpm2001),Not listed,Not calculated yet,1
@Seanpm2001-Nix-lang,Seanpm2001-Nix-lang,GitHub Organization (by @seanpm2001),Not listed,Not calculated yet,1
@seanpm2001-nostalgia,seanpm2001-nostalgia,GitHub Organization (by @seanpm2001),Not listed,Not calculated yet,1
@Seanpm2001-NSFW,Seanpm2001-NSFW,GitHub Organization (by @seanpm2001),Not listed,Not calculated yet,1
@Seanpm2001-Nunjucks-lang,Seanpm2001-Nunjucks-lang,GitHub Organization (by @seanpm2001),Not listed,Not calculated yet,1
@Seanpm2001-NVidia-CUDA-lang,Seanpm2001-NVidia-CUDA-lang,GitHub Organization (by @seanpm2001),Not listed,Not calculated yet,1
@Seanpm2001-Oberon-lang,Seanpm2001-Oberon-lang,GitHub Organization (by @seanpm2001),Not listed,Not calculated yet,1
@Seanpm2001-Objective-C-Lang,Seanpm2001-Objective-C-Lang,GitHub Organization (by @seanpm2001),Not listed,Not calculated yet,1
@Seanpm2001-Objective-J-Lang,Seanpm2001-Objective-J-Lang,GitHub Organization (by @seanpm2001),Not listed,Not calculated yet,1
@Seanpm2001-OCaml-Lang,Seanpm2001-OCaml-Lang,GitHub Organization (by @seanpm2001),Not listed,Not calculated yet,1
@Seanpm2001-Octave-lang,Seanpm2001-Octave-lang,GitHub Organization (by @seanpm2001),Not listed,Not calculated yet,1
@Seanpm2001-Operating-Systems,Seanpm2001-Operating-Systems,GitHub Organization (by @seanpm2001),Not listed,Not calculated yet,1
@Seanpm2001-Organization,Seanpm2001-Organization,GitHub Organization (by @seanpm2001),Not listed,Not calculated yet,1
@Seanpm2001-Ornithology,Seanpm2001-Ornithology,GitHub Organization (by @seanpm2001),Not listed,Not calculated yet,1
@Seanpm2001-Pascal-lang,Seanpm2001-Pascal-lang,GitHub Organization (by @seanpm2001),Not listed,Not calculated yet,1
@Seanpm2001-Perl-lang,Seanpm2001-Perl-lang,GitHub Organization (by @seanpm2001),Not listed,Not calculated yet,1
@Seanpm2001-personal,Seanpm2001-personal,GitHub Organization (by @seanpm2001),Not listed,Not calculated yet,1
@Seanpm2001-PersonalKiosk,Seanpm2001-PersonalKiosk,GitHub Organization (by @seanpm2001),Not listed,Not calculated yet,1
@Seanpm2001-Pharmacy,Seanpm2001-Pharmacy,GitHub Organization (by @seanpm2001),Not listed,Not calculated yet,1
@Seanpm2001-PHP-lang,Seanpm2001-PHP-lang,GitHub Organization (by @seanpm2001),Not listed,Not calculated yet,1
@Seanpm2001-Piglatin-lang,Seanpm2001-Piglatin-lang,GitHub Organization (by @seanpm2001),Not listed,Not calculated yet,1
@Seanpm2001-PocketGems,Seanpm2001-PocketGems,GitHub Organization (by @seanpm2001),Not listed,Not calculated yet,1
@Seanpm2001-Politics,Seanpm2001-Politics,GitHub Organization (by @seanpm2001),Not listed,Not calculated yet,1
@seanpm2001-Popcapgames,seanpm2001-Popcapgames,GitHub Organization (by @seanpm2001),Not listed,Not calculated yet,1
@Seanpm2001-Portals,Seanpm2001-Portals,GitHub Organization (by @seanpm2001),Not listed,Not calculated yet,1
@Seanpm2001-PostScript-lang,Seanpm2001-PostScript-lang,GitHub Organization (by @seanpm2001),Not listed,Not calculated yet,1
@Seanpm2001-PowerShell-lang,Seanpm2001-PowerShell-lang,GitHub Organization (by @seanpm2001),Not listed,Not calculated yet,1
@Seanpm2001-privacy,Seanpm2001-privacy,GitHub Organization (by @seanpm2001),Not listed,Not calculated yet,1
@Seanpm2001-Prolog-lang,Seanpm2001-Prolog-lang,GitHub Organization (by @seanpm2001),Not listed,Not calculated yet,1
@seanpm2001-psychology,seanpm2001-psychology,GitHub Organization (by @seanpm2001),Not listed,Not calculated yet,1
@Seanpm2001-Pug-lang,Seanpm2001-Pug-lang,GitHub Organization (by @seanpm2001),Not listed,Not calculated yet,1
@Seanpm2001-PureScript-lang,Seanpm2001-PureScript-lang,GitHub Organization (by @seanpm2001),Not listed,Not calculated yet,1
@Seanpm2001-Python,Seanpm2001-Python,GitHub Organization (by @seanpm2001),Not listed,Not calculated yet,1
@Seanpm2001-QML-lang,Seanpm2001-QML-lang,GitHub Organization (by @seanpm2001),Not listed,Not calculated yet,1
@Seanpm2001-QSharp-lang,Seanpm2001-QSharp-lang,GitHub Organization (by @seanpm2001),Not listed,Not calculated yet,1
@seanpm2001-R-lang,seanpm2001-R-lang,GitHub Organization (by @seanpm2001),Not listed,Not calculated yet,1
@Seanpm2001-Racket-lang,Seanpm2001-Racket-lang,GitHub Organization (by @seanpm2001),Not listed,Not calculated yet,1
@Seanpm2001-Raku-lang,Seanpm2001-Raku-lang,GitHub Organization (by @seanpm2001),Not listed,Not calculated yet,1
@Seanpm2001-RaspberryPi,Seanpm2001-RaspberryPi,GitHub Organization (by @seanpm2001),Not listed,Not calculated yet,1
@Seanpm2001-REBOL-Lang,Seanpm2001-REBOL-Lang,GitHub Organization (by @seanpm2001),Not listed,Not calculated yet,1
@Seanpm2001-reddit,Seanpm2001-reddit,GitHub Organization (by @seanpm2001),Not listed,Not calculated yet,1
@Seanpm2001-research,Seanpm2001-research,GitHub Organization (by @seanpm2001),Not listed,Not calculated yet,1
@Seanpm2001-ReStructuredText-lang,Seanpm2001-ReStructuredText-lang,GitHub Organization (by @seanpm2001),Not listed,Not calculated yet,1
@Seanpm2001-RichTextFormat-lang,Seanpm2001-RichTextFormat-lang,GitHub Organization (by @seanpm2001),Not listed,Not calculated yet,1
@Seanpm2001-Robotics,Seanpm2001-Robotics,GitHub Organization (by @seanpm2001),Not listed,Not calculated yet,1
@Seanpm2001-Rovio,Seanpm2001-Rovio,GitHub Organization (by @seanpm2001),Not listed,Not calculated yet,1
@Seanpm2001-Ruby-lang,Seanpm2001-Ruby-lang,GitHub Organization (by @seanpm2001),Not listed,Not calculated yet,1
@Seanpm2001-Rust-lang,Seanpm2001-Rust-lang,GitHub Organization (by @seanpm2001),Not listed,Not calculated yet,1
@Seanpm2001-Samsung,Seanpm2001-Samsung,GitHub Organization (by @seanpm2001),Not listed,Not calculated yet,1
@Seanpm2001-Sass-lang,Seanpm2001-Sass-lang,GitHub Organization (by @seanpm2001),Not listed,Not calculated yet,1
@Seanpm2001-Scala-lang,Seanpm2001-Scala-lang,GitHub Organization (by @seanpm2001),Not listed,Not calculated yet,1
@Seanpm2001-Scheme-lang,Seanpm2001-Scheme-lang,GitHub Organization (by @seanpm2001),Not listed,Not calculated yet,1
@Seanpm2001-Scratch,Seanpm2001-Scratch,GitHub Organization (by @seanpm2001),Not listed,Not calculated yet,1
@Seanpm2001-Scratch-lang,Seanpm2001-Scratch-lang,GitHub Organization (by @seanpm2001),Not listed,Not calculated yet,1
@Seanpm2001-Scripts,Seanpm2001-Scripts,GitHub Organization (by @seanpm2001),Not listed,Not calculated yet,1
@Seanpm2001-SCSS-lang,Seanpm2001-SCSS-lang,GitHub Organization (by @seanpm2001),Not listed,Not calculated yet,1
@Seanpm2001-SearchEngines,Seanpm2001-SearchEngines,GitHub Organization (by @seanpm2001),Not listed,Not calculated yet,1
@Seanpm2001-Security,Seanpm2001-Security,GitHub Organization (by @seanpm2001),Not listed,Not calculated yet,1
@Seanpm2001-Seed7-lang,Seanpm2001-Seed7-lang,GitHub Organization (by @seanpm2001),Not listed,Not calculated yet,1
@Seanpm2001-SEGA,Seanpm2001-SEGA,GitHub Organization (by @seanpm2001),Not listed,Not calculated yet,1
@Seanpm2001-Self-lang,Seanpm2001-Self-lang,GitHub Organization (by @seanpm2001),Not listed,Not calculated yet,1
@Seanpm2001-Server,Seanpm2001-Server,GitHub Organization (by @seanpm2001),Not listed,Not calculated yet,1
@Seanpm2001-Services,Seanpm2001-Services,GitHub Organization (by @seanpm2001),Not listed,Not calculated yet,1
@Seanpm2001-SGML-lang,Seanpm2001-SGML-lang,GitHub Organization (by @seanpm2001),Not listed,Not calculated yet,1
@Seanpm2001-Shell-lang,Seanpm2001-Shell-lang,GitHub Organization (by @seanpm2001),Not listed,Not calculated yet,1
@Seanpm2001-Smalltalk-lang,Seanpm2001-Smalltalk-lang,GitHub Organization (by @seanpm2001),Not listed,Not calculated yet,1
@Seanpm2001-Snapcraft,Seanpm2001-Snapcraft,GitHub Organization (by @seanpm2001),Not listed,Not calculated yet,1
@Seanpm2001-Social,Seanpm2001-Social,GitHub Organization (by @seanpm2001),Not listed,Not calculated yet,1
@seanpm2001-software,seanpm2001-software,GitHub Organization (by @seanpm2001),Not listed,Not calculated yet,1
@Seanpm2001-SQL-Lang,Seanpm2001-SQL-Lang,GitHub Organization (by @seanpm2001),Not listed,Not calculated yet,1
@Seanpm2001-Starlark-lang,Seanpm2001-Starlark-lang,GitHub Organization (by @seanpm2001),Not listed,Not calculated yet,1
@Seanpm2001-Storm8,Seanpm2001-Storm8,GitHub Organization (by @seanpm2001),Not listed,Not calculated yet,1
@Seanpm2001-Stylus-lang,Seanpm2001-Stylus-lang,GitHub Organization (by @seanpm2001),Not listed,Not calculated yet,1
@Seanpm2001-SUPERCELL,Seanpm2001-SUPERCELL,GitHub Organization (by @seanpm2001),Not listed,Not calculated yet,1
@Seanpm2001-SuperCollider-lang,Seanpm2001-SuperCollider-lang,GitHub Organization (by @seanpm2001),Not listed,Not calculated yet,1
@Seanpm2001-support,Seanpm2001-support,GitHub Organization (by @seanpm2001),Not listed,Not calculated yet,1
@Seanpm2001-Swift-lang,Seanpm2001-Swift-lang,GitHub Organization (by @seanpm2001),Not listed,Not calculated yet,1
@Seanpm2001-SXML-lang,Seanpm2001-SXML-lang,GitHub Organization (by @seanpm2001),Not listed,Not calculated yet,1
@Seanpm2001-SystemVerilog-lang,Seanpm2001-SystemVerilog-lang,GitHub Organization (by @seanpm2001),Not listed,Not calculated yet,1
@Seanpm2001-TCL-lang,Seanpm2001-TCL-lang,GitHub Organization (by @seanpm2001),Not listed,Not calculated yet,1
@Seanpm2001-TeamFortress2,Seanpm2001-TeamFortress2,GitHub Organization (by @seanpm2001),Not listed,Not calculated yet,1
@Seanpm2001-tech-support,Seanpm2001-tech-support,GitHub Organization (by @seanpm2001),Not listed,Not calculated yet,1
@Seanpm2001-templates,Seanpm2001-templates,GitHub Organization (by @seanpm2001),Not listed,Not calculated yet,1
@Seanpm2001-Testing,Seanpm2001-Testing,GitHub Organization (by @seanpm2001),Not listed,Not calculated yet,1
@Seanpm2001-TeX-lang,Seanpm2001-TeX-lang,GitHub Organization (by @seanpm2001),Not listed,Not calculated yet,1
@seanpm2001-themes,seanpm2001-themes,GitHub Organization (by @seanpm2001),Not listed,Not calculated yet,1
@Seanpm2001-TOML-lang,Seanpm2001-TOML-lang,GitHub Organization (by @seanpm2001),Not listed,Not calculated yet,1
@Seanpm2001-Tools,Seanpm2001-Tools,GitHub Organization (by @seanpm2001),Not listed,Not calculated yet,1
@Seanpm2001-Twig-language,Seanpm2001-Twig-language,GitHub Organization (by @seanpm2001),Not listed,Not calculated yet,1
@Seanpm2001-Twitter,Seanpm2001-Twitter,GitHub Organization (by @seanpm2001),Not listed,Not calculated yet,1
@Seanpm2001-TypeScript-lang,Seanpm2001-TypeScript-lang,GitHub Organization (by @seanpm2001),Not listed,Not calculated yet,1
@Seanpm2001-Ubisoft,Seanpm2001-Ubisoft,GitHub Organization (by @seanpm2001),Not listed,Not calculated yet,1
@Seanpm2001-Ubuntu,Seanpm2001-Ubuntu,GitHub Organization (by @seanpm2001),Not listed,Not calculated yet,1
@Seanpm2001-UnrealScript-lang,Seanpm2001-UnrealScript-lang,GitHub Organization (by @seanpm2001),Not listed,Not calculated yet,1
@Seanpm2001-Vala-lang,Seanpm2001-Vala-lang,GitHub Organization (by @seanpm2001),Not listed,Not calculated yet,1
@Seanpm2001-Valve,Seanpm2001-Valve,GitHub Organization (by @seanpm2001),Not listed,Not calculated yet,1
@Seanpm2001-Verilog-AMS-lang,Seanpm2001-Verilog-AMS-lang,GitHub Organization (by @seanpm2001),Not listed,Not calculated yet,1
@Seanpm2001-Verilog-lang,Seanpm2001-Verilog-lang,GitHub Organization (by @seanpm2001),Not listed,Not calculated yet,1
@Seanpm2001-VHDL-lang,Seanpm2001-VHDL-lang,GitHub Organization (by @seanpm2001),Not listed,Not calculated yet,1
@Seanpm2001-video,Seanpm2001-video,GitHub Organization (by @seanpm2001),Not listed,Not calculated yet,1
@Seanpm2001-VimScript-lang,Seanpm2001-VimScript-lang,GitHub Organization (by @seanpm2001),Not listed,Not calculated yet,1
@Seanpm2001-virtual-machines,Seanpm2001-virtual-machines,GitHub Organization (by @seanpm2001),Not listed,Not calculated yet,1
@Seanpm2001-VisualBasicDotNet-lang,Seanpm2001-VisualBasicDotNet-lang,GitHub Organization (by @seanpm2001),Not listed,Not calculated yet,1
@Seanpm2001-VisualBasicScript-lang,Seanpm2001-VisualBasicScript-lang,GitHub Organization (by @seanpm2001),Not listed,Not calculated yet,1
@Seanpm2001-VoiceGod,Seanpm2001-VoiceGod,GitHub Organization (by @seanpm2001),Not listed,Not calculated yet,1
@Seanpm2001-VoiceSoftware,Seanpm2001-VoiceSoftware,GitHub Organization (by @seanpm2001),Not listed,Not calculated yet,1
@Seanpm2001-VSmell-lang,Seanpm2001-VSmell-lang,GitHub Organization (by @seanpm2001),Not listed,Not calculated yet,1
@Seanpm2001-Vue-js-lang,Seanpm2001-Vue-js-lang,GitHub Organization (by @seanpm2001),Not listed,Not calculated yet,1
@Seanpm2001-Washington,Seanpm2001-Washington,GitHub Organization (by @seanpm2001),Not listed,Not calculated yet,1
@Seanpm2001-Weather,Seanpm2001-Weather,GitHub Organization (by @seanpm2001),Not listed,Not calculated yet,1
@Seanpm2001-web,Seanpm2001-web,GitHub Organization (by @seanpm2001),Not listed,Not calculated yet,1
@Seanpm2001-WebAssembly-lang,Seanpm2001-WebAssembly-lang,GitHub Organization (by @seanpm2001),Not listed,Not calculated yet,1
@Seanpm2001-WebVTT-lang,Seanpm2001-WebVTT-lang,GitHub Organization (by @seanpm2001),Not listed,Not calculated yet,1
@Seanpm2001-Windows,Seanpm2001-Windows,GitHub Organization (by @seanpm2001),Not listed,Not calculated yet,1
@Seanpm2001-XML-lang,Seanpm2001-XML-lang,GitHub Organization (by @seanpm2001),Not listed,Not calculated yet,1
@Seanpm2001-XSLT-lang,Seanpm2001-XSLT-lang,GitHub Organization (by @seanpm2001),Not listed,Not calculated yet,1
@Seanpm2001-Yacc-lang,Seanpm2001-Yacc-lang,GitHub Organization (by @seanpm2001),Not listed,Not calculated yet,1
@Seanpm2001-YAML-lang,Seanpm2001-YAML-lang,GitHub Organization (by @seanpm2001),Not listed,Not calculated yet,1
@Seanpm2001-YouTube,Seanpm2001-YouTube,GitHub Organization (by @seanpm2001),Not listed,Not calculated yet,1
@Seanpm2001-ZenScript-lang,Seanpm2001-ZenScript-lang,GitHub Organization (by @seanpm2001),Not listed,Not calculated yet,1
@Seanpm2001-Zoology,Seanpm2001-Zoology,GitHub Organization (by @seanpm2001),Not listed,Not calculated yet,1
@Seanpm2001DotOrg,Seanpm2001DotOrg,GitHub Organization (by @seanpm2001),Not listed,Not calculated yet,1
@seanwallawalla-audio,seanwallawalla-audio,GitHub Organization (by @seanpm2001),Not listed,Not calculated yet,1
@seanwallawalla-bots,seanwallawalla-bots,GitHub Organization (by @seanpm2001),Not listed,Not calculated yet,1
@seanwallawalla-browserextensions,seanwallawalla-browserextensions,GitHub Organization (by @seanpm2001),Not listed,Not calculated yet,1
@seanwallawalla-forks,seanwallawalla-forks,GitHub Organization (by @seanpm2001),Not listed,Not calculated yet,1
@seanwallawalla-gaming,seanwallawalla-gaming,GitHub Organization (by @seanpm2001),Not listed,Not calculated yet,1
@Seanwallawalla-health,Seanwallawalla-health,GitHub Organization (by @seanpm2001),Not listed,Not calculated yet,1
@seanwallawalla-images,seanwallawalla-images,GitHub Organization (by @seanpm2001),Not listed,Not calculated yet,1
@seanwallawalla-jokeprograms,seanwallawalla-jokeprograms,GitHub Organization (by @seanpm2001),Not listed,Not calculated yet,1
@seanwallawalla-malware,seanwallawalla-malware,GitHub Organization (by @seanpm2001),Not listed,Not calculated yet,1
@seanwallawalla-operating-systems,seanwallawalla-operating-systems,GitHub Organization (by @seanpm2001),Not listed,Not calculated yet,1
@Seanwallawalla-Organization,Seanwallawalla-Organization,GitHub Organization (by @seanpm2001),Not listed,Not calculated yet,1
@seanwallawalla-security,seanwallawalla-security,GitHub Organization (by @seanpm2001),Not listed,Not calculated yet,1
@seanwallawalla-social,seanwallawalla-social,GitHub Organization (by @seanpm2001),Not listed,Not calculated yet,1
@seanwallawalla-software,seanwallawalla-software,GitHub Organization (by @seanpm2001),Not listed,Not calculated yet,2
@seanwallawalla-testing,seanwallawalla-testing,GitHub Organization (by @seanpm2001),Not listed,Not calculated yet,1
@seanwallawalla-tools,seanwallawalla-tools,GitHub Organization (by @seanpm2001),Not listed,Not calculated yet,1
@Seanwallawalla-trm,Seanwallawalla-trm,GitHub Organization (by @seanpm2001),Not listed,Not calculated yet,1
@Self-Care-Bot,Self-Care-Bot,GitHub Organization (by @seanpm2001),Not listed,Not calculated yet,1
@SimZonns,SimZonns,GitHub Organization (by @seanpm2001),Not listed,Not calculated yet,1
@Skeuowie,Skeuowie,GitHub Organization (by @seanpm2001),Not listed,Not calculated yet,1
@Slaveworks,Slaveworks,GitHub Organization (by @seanpm2001),Not listed,Not calculated yet,1
@Slick-license-manager,Slick-license-manager,GitHub Organization (by @seanpm2001),Not listed,Not calculated yet,1
@Snail-bob-maker,Snail-bob-maker,GitHub Organization (by @seanpm2001),Not listed,Not calculated yet,1
@Snapshot-Version-Control-System,Snapshot-Version-Control-System,GitHub Organization (by @seanpm2001),Not listed,Not calculated yet,1
@SNU-0D,SNU-0D,GitHub Organization (by @seanpm2001),Not listed,Not calculated yet,1
@SNU-1D,SNU-1D,GitHub Organization (by @seanpm2001),Not listed,Not calculated yet,1
@SNU-2D,SNU-2D,GitHub Organization (by @seanpm2001),Not listed,Not calculated yet,1
@SNU-3D,SNU-3D,GitHub Organization (by @seanpm2001),Not listed,Not calculated yet,1
@SNU-3DPrinting,SNU-3DPrinting,GitHub Organization (by @seanpm2001),Not listed,Not calculated yet,1
@SNU-4D,SNU-4D,GitHub Organization (by @seanpm2001),Not listed,Not calculated yet,1
@SNU-About,SNU-About,GitHub Organization (by @seanpm2001),Not listed,Not calculated yet,1
@SNU-Accessibility,SNU-Accessibility,GitHub Organization (by @seanpm2001),Not listed,Not calculated yet,1
@SNU-Account,SNU-Account,GitHub Organization (by @seanpm2001),Not listed,Not calculated yet,1
@SNU-AccountSetup,SNU-AccountSetup,GitHub Organization (by @seanpm2001),Not listed,Not calculated yet,1
@SNU-Algorithm,SNU-Algorithm,GitHub Organization (by @seanpm2001),Not listed,Not calculated yet,1
@SNU-AmazonCompatibilityMode,SNU-AmazonCompatibilityMode,GitHub Organization (by @seanpm2001),Not listed,Not calculated yet,1
@SNU-AmishCenter,SNU-AmishCenter,GitHub Organization (by @seanpm2001),Not listed,Not calculated yet,1
@SNU-Ancestry,SNU-Ancestry,GitHub Organization (by @seanpm2001),Not listed,Not calculated yet,1
@SNU-App,SNU-App,GitHub Organization (by @seanpm2001),Not listed,Not calculated yet,1
@SNU-Beliefs,SNU-Beliefs,GitHub Organization (by @seanpm2001),Not listed,Not calculated yet,1
@SNU-Blogs,SNU-Blogs,GitHub Organization (by @seanpm2001),Not listed,Not calculated yet,1
@SNU-Books,SNU-Books,GitHub Organization (by @seanpm2001),Not listed,Not calculated yet,1
@SNU-BotCoach,SNU-BotCoach,GitHub Organization (by @seanpm2001),Not listed,Not calculated yet,1
@SNU-BrowserNose,SNU-BrowserNose,GitHub Organization (by @seanpm2001),Not listed,Not calculated yet,1
@SNU-Business,SNU-Business,GitHub Organization (by @seanpm2001),Not listed,Not calculated yet,1
@SNU-Cache,SNU-Cache,GitHub Organization (by @seanpm2001),Not listed,Not calculated yet,1
@SNU-CallCenter,SNU-CallCenter,GitHub Organization (by @seanpm2001),Not listed,Not calculated yet,1
@SNU-CallingCenter,SNU-CallingCenter,GitHub Organization (by @seanpm2001),Not listed,Not calculated yet,1
@SNU-CardStack,SNU-CardStack,GitHub Organization (by @seanpm2001),Not listed,Not calculated yet,1
@SNU-CharacterSupport,SNU-CharacterSupport,GitHub Organization (by @seanpm2001),Not listed,Not calculated yet,1
@SNU-Clock,SNU-Clock,GitHub Organization (by @seanpm2001),Not listed,Not calculated yet,1
@SNU-CloudDrive,SNU-CloudDrive,GitHub Organization (by @seanpm2001),Not listed,Not calculated yet,1
@SNU-CloudGaming,SNU-CloudGaming,GitHub Organization (by @seanpm2001),Not listed,Not calculated yet,1
@SNU-Committee,SNU-Committee,GitHub Organization (by @seanpm2001),Not listed,Not calculated yet,1
@SNU-Companies,SNU-Companies,GitHub Organization (by @seanpm2001),Not listed,Not calculated yet,1
@SNU-Copypasta-Kitchen,SNU-Copypasta-Kitchen,GitHub Organization (by @seanpm2001),Not listed,Not calculated yet,1
@SNU-CreateServer,SNU-CreateServer,GitHub Organization (by @seanpm2001),Not listed,Not calculated yet,1
@SNU-CursorSettings,SNU-CursorSettings,GitHub Organization (by @seanpm2001),Not listed,Not calculated yet,1
@SNU-Dashboard,SNU-Dashboard,GitHub Organization (by @seanpm2001),Not listed,Not calculated yet,1
@SNU-DataManagement,SNU-DataManagement,GitHub Organization (by @seanpm2001),Not listed,Not calculated yet,1
@SNU-DebugMode,SNU-DebugMode,GitHub Organization (by @seanpm2001),Not listed,Not calculated yet,1
@SNU-DeepSwap,SNU-DeepSwap,GitHub Organization (by @seanpm2001),Not listed,Not calculated yet,1
@SNU-DennisRitchieMemorial,SNU-DennisRitchieMemorial,GitHub Organization (by @seanpm2001),Not listed,Not calculated yet,1
@SNU-DeveloperLounge,SNU-DeveloperLounge,GitHub Organization (by @seanpm2001),Not listed,Not calculated yet,1
@snu-development,snu-development,GitHub Organization (by @seanpm2001),Not listed,Not calculated yet,1
@SNU-DeviceManager,SNU-DeviceManager,GitHub Organization (by @seanpm2001),Not listed,Not calculated yet,1
@SNU-DialupExperience,SNU-DialupExperience,GitHub Organization (by @seanpm2001),Not listed,Not calculated yet,1
@SNU-DiggMode,SNU-DiggMode,GitHub Organization (by @seanpm2001),Not listed,Not calculated yet,1
@SNU-Dimensional-Porting-ToolKit,SNU-Dimensional-Porting-ToolKit,GitHub Organization (by @seanpm2001),Not listed,Not calculated yet,1
@SNU-DiseaseResearchCenter,SNU-DiseaseResearchCenter,GitHub Organization (by @seanpm2001),Not listed,Not calculated yet,1
@SNU-DMailClient,SNU-DMailClient,GitHub Organization (by @seanpm2001),Not listed,Not calculated yet,1
@SNU-Documentation,SNU-Documentation,GitHub Organization (by @seanpm2001),Not listed,Not calculated yet,1
@SNU-DocumentationCenter,SNU-DocumentationCenter,GitHub Organization (by @seanpm2001),Not listed,Not calculated yet,1
@SNU-DOM,SNU-DOM,GitHub Organization (by @seanpm2001),Not listed,Not calculated yet,1
@SNU-DownloadMoreRAM,SNU-DownloadMoreRAM,GitHub Organization (by @seanpm2001),Not listed,Not calculated yet,1
@SNU-EarthDay,SNU-EarthDay,GitHub Organization (by @seanpm2001),Not listed,Not calculated yet,1
@SNU-Editions,SNU-Editions,GitHub Organization (by @seanpm2001),Not listed,Not calculated yet,1
@SNU-eGret,SNU-eGret,GitHub Organization (by @seanpm2001),Not listed,Not calculated yet,1
@SNU-Encryption,SNU-Encryption,GitHub Organization (by @seanpm2001),Not listed,Not calculated yet,1
@SNU-Encyclopedia,SNU-Encyclopedia,GitHub Organization (by @seanpm2001),Not listed,Not calculated yet,1
@SNU-EngineRoom,SNU-EngineRoom,GitHub Organization (by @seanpm2001),Not listed,Not calculated yet,1
@SNU-Erotica,SNU-Erotica,GitHub Organization (by @seanpm2001),Not listed,Not calculated yet,1
@SNU-eSchool,SNU-eSchool,GitHub Organization (by @seanpm2001),Not listed,Not calculated yet,1
@SNU-EvidenceLocker,SNU-EvidenceLocker,GitHub Organization (by @seanpm2001),Not listed,Not calculated yet,1
@SNU-Extras,SNU-Extras,GitHub Organization (by @seanpm2001),Not listed,Not calculated yet,1
@SNU-FamilyTree,SNU-FamilyTree,GitHub Organization (by @seanpm2001),Not listed,Not calculated yet,1
@SNU-FileExtensionHelp,SNU-FileExtensionHelp,GitHub Organization (by @seanpm2001),Not listed,Not calculated yet,1
@SNU-FilmPlaza,SNU-FilmPlaza,GitHub Organization (by @seanpm2001),Not listed,Not calculated yet,1
@SNU-FontLIBrary,SNU-FontLIBrary,GitHub Organization (by @seanpm2001),Not listed,Not calculated yet,1
@SNU-FontMill,SNU-FontMill,GitHub Organization (by @seanpm2001),Not listed,Not calculated yet,1
@SNU-Fonts,SNU-Fonts,GitHub Organization (by @seanpm2001),Not listed,Not calculated yet,1
@SNU-Government,SNU-Government,GitHub Organization (by @seanpm2001),Not listed,Not calculated yet,1
@SNU-Health,SNU-Health,GitHub Organization (by @seanpm2001),Not listed,Not calculated yet,1
@SNU-HistoryManagement,SNU-HistoryManagement,GitHub Organization (by @seanpm2001),Not listed,Not calculated yet,1
@SNU-HttpsStatusCodeList,SNU-HttpsStatusCodeList,GitHub Organization (by @seanpm2001),Not listed,Not calculated yet,1
@SNU-IdeaBoard,SNU-IdeaBoard,GitHub Organization (by @seanpm2001),Not listed,Not calculated yet,1
@SNU-IE-Engine,SNU-IE-Engine,GitHub Organization (by @seanpm2001),Not listed,Not calculated yet,1
@SNU-Internet,SNU-Internet,GitHub Organization (by @seanpm2001),Not listed,Not calculated yet,1
@SNU-InternetFront,SNU-InternetFront,GitHub Organization (by @seanpm2001),Not listed,Not calculated yet,1
@SNU-InternetMuseum,SNU-InternetMuseum,GitHub Organization (by @seanpm2001),Not listed,Not calculated yet,1
@SNU-JavaScript-Math-Center,SNU-JavaScript-Math-Center,GitHub Organization (by @seanpm2001),Not listed,Not calculated yet,1
@SNU-Jobs,SNU-Jobs,GitHub Organization (by @seanpm2001),Not listed,Not calculated yet,1
@SNU-KenThompsonMemorial,SNU-KenThompsonMemorial,GitHub Organization (by @seanpm2001),Not listed,Not calculated yet,1
@SNU-Keyboard,SNU-Keyboard,GitHub Organization (by @seanpm2001),Not listed,Not calculated yet,1
@SNU-LeapDay,SNU-LeapDay,GitHub Organization (by @seanpm2001),Not listed,Not calculated yet,1
@SNU-LegalResourceCenter,SNU-LegalResourceCenter,GitHub Organization (by @seanpm2001),Not listed,Not calculated yet,1
@SNU-LegendsOfTheInternet,SNU-LegendsOfTheInternet,GitHub Organization (by @seanpm2001),Not listed,Not calculated yet,1
@SNU-LifeStories,SNU-LifeStories,GitHub Organization (by @seanpm2001),Not listed,Not calculated yet,1
@SNU-Lingual,SNU-Lingual,GitHub Organization (by @seanpm2001),Not listed,Not calculated yet,1
@SNU-LoopG,SNU-LoopG,GitHub Organization (by @seanpm2001),Not listed,Not calculated yet,1
@SNU-MalwareViru-RepoMode,SNU-MalwareViru-RepoMode,GitHub Organization (by @seanpm2001),Not listed,Not calculated yet,1
@SNU-MartinLutherKingJrMemorial,SNU-MartinLutherKingJrMemorial,GitHub Organization (by @seanpm2001),Not listed,Not calculated yet,1
@SNU-MascotCenter,SNU-MascotCenter,GitHub Organization (by @seanpm2001),Not listed,Not calculated yet,1
@SNU-MemeGen,SNU-MemeGen,GitHub Organization (by @seanpm2001),Not listed,Not calculated yet,1
@SNU-Memes,SNU-Memes,GitHub Organization (by @seanpm2001),Not listed,Not calculated yet,1
@SNU-Messenger,SNU-Messenger,GitHub Organization (by @seanpm2001),Not listed,Not calculated yet,1
@SNU-Metaverse,SNU-Metaverse,GitHub Organization (by @seanpm2001),Not listed,Not calculated yet,1
@SNU-Modes,SNU-Modes,GitHub Organization (by @seanpm2001),Not listed,Not calculated yet,1
@SNU-Museum,SNU-Museum,GitHub Organization (by @seanpm2001),Not listed,Not calculated yet,1
@SNU-News,SNU-News,GitHub Organization (by @seanpm2001),Not listed,Not calculated yet,1
@SNU-NewYears,SNU-NewYears,GitHub Organization (by @seanpm2001),Not listed,Not calculated yet,1
@SNU-NFT,SNU-NFT,GitHub Organization (by @seanpm2001),Not listed,Not calculated yet,1
@SNU-NitterMode,SNU-NitterMode,GitHub Organization (by @seanpm2001),Not listed,Not calculated yet,1
@SNU-Organization,SNU-Organization,GitHub Organization (by @seanpm2001),Not listed,Not calculated yet,1
@SNU-OS-Killers,SNU-OS-Killers,GitHub Organization (by @seanpm2001),Not listed,Not calculated yet,1
@SNU-OtherReferences,SNU-OtherReferences,GitHub Organization (by @seanpm2001),Not listed,Not calculated yet,1
@SNU-P2P,SNU-P2P,GitHub Organization (by @seanpm2001),Not listed,Not calculated yet,1
@SNU-P2PSection,SNU-P2PSection,GitHub Organization (by @seanpm2001),Not listed,Not calculated yet,1
@SNU-PFOSSExchange,SNU-PFOSSExchange,GitHub Organization (by @seanpm2001),Not listed,Not calculated yet,1
@SNU-Plans,SNU-Plans,GitHub Organization (by @seanpm2001),Not listed,Not calculated yet,1
@SNU-PlaybackSettings,SNU-PlaybackSettings,GitHub Organization (by @seanpm2001),Not listed,Not calculated yet,1
@SNU-PodcastTriPod,SNU-PodcastTriPod,GitHub Organization (by @seanpm2001),Not listed,Not calculated yet,1
@SNU-Policies,SNU-Policies,GitHub Organization (by @seanpm2001),Not listed,Not calculated yet,1
@SNU-Porn,SNU-Porn,GitHub Organization (by @seanpm2001),Not listed,Not calculated yet,1
@SNU-Privacy,SNU-Privacy,GitHub Organization (by @seanpm2001),Not listed,Not calculated yet,1
@SNU-PrivacyInitiative,SNU-PrivacyInitiative,GitHub Organization (by @seanpm2001),Not listed,Not calculated yet,1
@SNU-ProfileBuilder,SNU-ProfileBuilder,GitHub Organization (by @seanpm2001),Not listed,Not calculated yet,1
@SNU-Programming-Tools,SNU-Programming-Tools,GitHub Organization (by @seanpm2001),Not listed,Not calculated yet,1
@SNU-ProjectTimeline,SNU-ProjectTimeline,GitHub Organization (by @seanpm2001),Not listed,Not calculated yet,1
@SNU-ProtestToolKit,SNU-ProtestToolKit,GitHub Organization (by @seanpm2001),Not listed,Not calculated yet,1
@SNU-Public,SNU-Public,GitHub Organization (by @seanpm2001),Not listed,Not calculated yet,1
@SNU-PublicSnapshots,SNU-PublicSnapshots,GitHub Organization (by @seanpm2001),Not listed,Not calculated yet,1
@SNU-PunParlor,SNU-PunParlor,GitHub Organization (by @seanpm2001),Not listed,Not calculated yet,1
@SNU-PuzzleCenter,SNU-PuzzleCenter,GitHub Organization (by @seanpm2001),Not listed,Not calculated yet,1
@SNU-Questionarium,SNU-Questionarium,GitHub Organization (by @seanpm2001),Not listed,Not calculated yet,1
@SNU-RSS,SNU-RSS,GitHub Organization (by @seanpm2001),Not listed,Not calculated yet,1
@SNU-RulesOfTheInternet,SNU-RulesOfTheInternet,GitHub Organization (by @seanpm2001),Not listed,Not calculated yet,1
@SNU-Scripts,SNU-Scripts,GitHub Organization (by @seanpm2001),Not listed,Not calculated yet,1
@SNU-Search,SNU-Search,GitHub Organization (by @seanpm2001),Not listed,Not calculated yet,1
@SNU-Security,SNU-Security,GitHub Organization (by @seanpm2001),Not listed,Not calculated yet,1
@SNU-ServerEssentials,SNU-ServerEssentials,GitHub Organization (by @seanpm2001),Not listed,Not calculated yet,1
@SNU-SexEducation,SNU-SexEducation,GitHub Organization (by @seanpm2001),Not listed,Not calculated yet,1
@SNU-Shopping,SNU-Shopping,GitHub Organization (by @seanpm2001),Not listed,Not calculated yet,1
@SNU-SignIn,SNU-SignIn,GitHub Organization (by @seanpm2001),Not listed,Not calculated yet,1
@SNU-SiteLogo,SNU-SiteLogo,GitHub Organization (by @seanpm2001),Not listed,Not calculated yet,1
@SNU-SlangDictionary,SNU-SlangDictionary,GitHub Organization (by @seanpm2001),Not listed,Not calculated yet,1
@SNU-SmellProject,SNU-SmellProject,GitHub Organization (by @seanpm2001),Not listed,Not calculated yet,1
@SNU-SnapshotTool,SNU-SnapshotTool,GitHub Organization (by @seanpm2001),Not listed,Not calculated yet,1
@SNU-Software-Center,SNU-Software-Center,GitHub Organization (by @seanpm2001),Not listed,Not calculated yet,1
@SNU-SoundSettings,SNU-SoundSettings,GitHub Organization (by @seanpm2001),Not listed,Not calculated yet,1
@SNU-SpoofingCenter,SNU-SpoofingCenter,GitHub Organization (by @seanpm2001),Not listed,Not calculated yet,1
@SNU-Sports,SNU-Sports,GitHub Organization (by @seanpm2001),Not listed,Not calculated yet,1
@SNU-StartAScript,SNU-StartAScript,GitHub Organization (by @seanpm2001),Not listed,Not calculated yet,1
@SNU-StoryBubbleWand,SNU-StoryBubbleWand,GitHub Organization (by @seanpm2001),Not listed,Not calculated yet,1
@SNU-Streams,SNU-Streams,GitHub Organization (by @seanpm2001),Not listed,Not calculated yet,1
@SNU-SuicidePrevention,SNU-SuicidePrevention,GitHub Organization (by @seanpm2001),Not listed,Not calculated yet,1
@SNU-SuperSearch,SNU-SuperSearch,GitHub Organization (by @seanpm2001),Not listed,Not calculated yet,1
@SNU-System,SNU-System,GitHub Organization (by @seanpm2001),Not listed,Not calculated yet,1
@SNU-TableTopGameHouse,SNU-TableTopGameHouse,GitHub Organization (by @seanpm2001),Not listed,Not calculated yet,1
@SNU-Terminal,SNU-Terminal,GitHub Organization (by @seanpm2001),Not listed,Not calculated yet,1
@SNU-TerrorBay,SNU-TerrorBay,GitHub Organization (by @seanpm2001),Not listed,Not calculated yet,1
@SNU-Test-References,SNU-Test-References,GitHub Organization (by @seanpm2001),Not listed,Not calculated yet,1
@SNU-TextEngine,SNU-TextEngine,GitHub Organization (by @seanpm2001),Not listed,Not calculated yet,1
@SNU-Textures,SNU-Textures,GitHub Organization (by @seanpm2001),Not listed,Not calculated yet,1
@SNU-Themes,SNU-Themes,GitHub Organization (by @seanpm2001),Not listed,Not calculated yet,1
@SNU-TimeMachine,SNU-TimeMachine,GitHub Organization (by @seanpm2001),Not listed,Not calculated yet,1
@SNU-ToBeImplemented,SNU-ToBeImplemented,GitHub Organization (by @seanpm2001),Not listed,Not calculated yet,1
@SNU-Torrent,SNU-Torrent,GitHub Organization (by @seanpm2001),Not listed,Not calculated yet,1
@SNU-TOS,SNU-TOS,GitHub Organization (by @seanpm2001),Not listed,Not calculated yet,1
@SNU-Translate,SNU-Translate,GitHub Organization (by @seanpm2001),Not listed,Not calculated yet,1
@SNU-TV,SNU-TV,GitHub Organization (by @seanpm2001),Not listed,Not calculated yet,1
@SNU-TwitterMode,SNU-TwitterMode,GitHub Organization (by @seanpm2001),Not listed,Not calculated yet,1
@SNU-TypographyDocs,SNU-TypographyDocs,GitHub Organization (by @seanpm2001),Not listed,Not calculated yet,1
@SNU-UserFilters,SNU-UserFilters,GitHub Organization (by @seanpm2001),Not listed,Not calculated yet,1
@SNU-Users,SNU-Users,GitHub Organization (by @seanpm2001),Not listed,Not calculated yet,1
@SNU-Valentines,SNU-Valentines,GitHub Organization (by @seanpm2001),Not listed,Not calculated yet,1
@SNU-VDictionary,SNU-VDictionary,GitHub Organization (by @seanpm2001),Not listed,Not calculated yet,1
@SNU-VersionHistory,SNU-VersionHistory,GitHub Organization (by @seanpm2001),Not listed,Not calculated yet,1
@SNU-Vexillology,SNU-Vexillology,GitHub Organization (by @seanpm2001),Not listed,Not calculated yet,1
@SNU-Video,SNU-Video,GitHub Organization (by @seanpm2001),Not listed,Not calculated yet,1
@SNU-VideoTheater,SNU-VideoTheater,GitHub Organization (by @seanpm2001),Not listed,Not calculated yet,1
@SNU-VMCenter,SNU-VMCenter,GitHub Organization (by @seanpm2001),Not listed,Not calculated yet,1
@SNU-VoicesVoIP,SNU-VoicesVoIP,GitHub Organization (by @seanpm2001),Not listed,Not calculated yet,1
@SNU-VR,SNU-VR,GitHub Organization (by @seanpm2001),Not listed,Not calculated yet,1
@SNU-WeatherVane,SNU-WeatherVane,GitHub Organization (by @seanpm2001),Not listed,Not calculated yet,1
@SNU-WebVTT,SNU-WebVTT,GitHub Organization (by @seanpm2001),Not listed,Not calculated yet,1
@SNU-Wiki,SNU-Wiki,GitHub Organization (by @seanpm2001),Not listed,Not calculated yet,1
@SNU-WLinkWBotW,SNU-WLinkWBotW,GitHub Organization (by @seanpm2001),Not listed,Not calculated yet,1
@SNU-WorkInProgress,SNU-WorkInProgress,GitHub Organization (by @seanpm2001),Not listed,Not calculated yet,1
@SNU-WWW30,SNU-WWW30,GitHub Organization (by @seanpm2001),Not listed,Not calculated yet,1
@SNU-YourSpace,SNU-YourSpace,GitHub Organization (by @seanpm2001),Not listed,Not calculated yet,1
@SNU-YouTubeMode,SNU-YouTubeMode,GitHub Organization (by @seanpm2001),Not listed,Not calculated yet,1
@SNU-ZalgoProject,SNU-ZalgoProject,GitHub Organization (by @seanpm2001),Not listed,Not calculated yet,1
@SNUNews-dev,SNUNews-dev,GitHub Organization (by @seanpm2001),Not listed,Not calculated yet,1
@SociaShame,SociaShame,GitHub Organization (by @seanpm2001),Not listed,Not calculated yet,1
@SourceBase-dev,SourceBase-dev,GitHub Organization (by @seanpm2001),Not listed,Not calculated yet,1
@StartFsck,StartFsck,GitHub Organization (by @seanpm2001),Not listed,Not calculated yet,1
@SuperPower-laptops,SuperPower-laptops,GitHub Organization (by @seanpm2001),Not listed,Not calculated yet,1
@SVG-video,SVG-video,GitHub Organization (by @seanpm2001),Not listed,Not calculated yet,1
@SWave-Starter,SWave-Starter,GitHub Organization (by @seanpm2001),Not listed,Not calculated yet,1
@TalkScript,TalkScript,GitHub Organization (by @seanpm2001),Not listed,Not calculated yet,1
@Talla-browser,Talla-browser,GitHub Organization (by @seanpm2001),Not listed,Not calculated yet,1
@Team8Collection,Team8Collection,GitHub Organization (by @seanpm2001),Not listed,Not calculated yet,1
@Tetris128,Tetris128,GitHub Organization (by @seanpm2001),Not listed,Not calculated yet,1
@The-Dystopian-Dictionary,The-Dystopian-Dictionary,GitHub Organization (by @seanpm2001),Not listed,Not calculated yet,1
@The-Existential-Index,The-Existential-Index,GitHub Organization (by @seanpm2001),Not listed,Not calculated yet,1
@The-offline-experience,The-offline-experience,GitHub Organization (by @seanpm2001),Not listed,Not calculated yet,1
@The-Pirates-Copy,The-Pirates-Copy,GitHub Organization (by @seanpm2001),Not listed,Not calculated yet,1
@The-WallaWalla-Anime,The-WallaWalla-Anime,GitHub Organization (by @seanpm2001),Not listed,Not calculated yet,1
@Timeout-toolkit,Timeout-toolkit,GitHub Organization (by @seanpm2001),Not listed,Not calculated yet,1
@TouchPetsDogs2Rewritten,TouchPetsDogs2Rewritten,GitHub Organization (by @seanpm2001),Not listed,Not calculated yet,1
@TrueEEG,TrueEEG,GitHub Organization (by @seanpm2001),Not listed,Not calculated yet,1
@TrueTorrent,TrueTorrent,GitHub Organization (by @seanpm2001),Not listed,Not calculated yet,1
@Turkey-Stories,Turkey-Stories,GitHub Organization (by @seanpm2001),Not listed,Not calculated yet,1
@TuxBot-operating-system,TuxBot-operating-system,GitHub Organization (by @seanpm2001),Not listed,Not calculated yet,1
@Ucuntu,Ucuntu,GitHub Organization (by @seanpm2001),Not listed,Not calculated yet,1
@uDonate,uDonate,GitHub Organization (by @seanpm2001),Not listed,Not calculated yet,1
@UI-Tour-Guide,UI-Tour-Guide,GitHub Organization (by @seanpm2001),Not listed,Not calculated yet,1
@UltimateCalculator,UltimateCalculator,GitHub Organization (by @seanpm2001),Not listed,Not calculated yet,1
@Ultra-image-studio,Ultra-image-studio,GitHub Organization (by @seanpm2001),Not listed,Not calculated yet,1
@UltraCompass,UltraCompass,GitHub Organization (by @seanpm2001),Not listed,Not calculated yet,1
@UltraSwitch,UltraSwitch,GitHub Organization (by @seanpm2001),Not listed,Not calculated yet,1
@UltraSwitch-dev,UltraSwitch-dev,GitHub Organization (by @seanpm2001),Not listed,Not calculated yet,1
@Underune-maker,Underune-maker,GitHub Organization (by @seanpm2001),Not listed,Not calculated yet,1
@UnitedAutismRights,UnitedAutismRights,GitHub Organization (by @seanpm2001),Not listed,Not calculated yet,1
@uOffice,uOffice,GitHub Organization (by @seanpm2001),Not listed,Not calculated yet,1
@URLL-Specification,URLL-Specification,GitHub Organization (by @seanpm2001),Not listed,Not calculated yet,1
@UShortcut-pro,UShortcut-pro,GitHub Organization (by @seanpm2001),Not listed,Not calculated yet,1
@V-Reshot,V-Reshot,GitHub Organization (by @seanpm2001),Not listed,Not calculated yet,1
@Virg-io-dev,Virg-io-dev,GitHub Organization (by @seanpm2001),Not listed,Not calculated yet,1
@Virtual-VHS,Virtual-VHS,GitHub Organization (by @seanpm2001),Not listed,Not calculated yet,1
@VirtualHome-dev,VirtualHome-dev,GitHub Organization (by @seanpm2001),Not listed,Not calculated yet,1
@VOI-Manor,VOI-Manor,GitHub Organization (by @seanpm2001),Not listed,Not calculated yet,1
@VoiceGod,VoiceGod,GitHub Organization (by @seanpm2001),Not listed,Not calculated yet,1
@WacOS-Dev,WacOS-Dev,GitHub Organization (by @seanpm2001),Not listed,Not calculated yet,1
@WebNetPlus,WebNetPlus,GitHub Organization (by @seanpm2001),Not listed,Not calculated yet,1
@What-the-FLoC,What-the-FLoC,GitHub Organization (by @seanpm2001),Not listed,Not calculated yet,1
@WinFsck,WinFsck,GitHub Organization (by @seanpm2001),Not listed,Not calculated yet,1
@Year-of-the-Linux-desktop,Year-of-the-Linux-desktop,GitHub Organization (by @seanpm2001),Not listed,Not calculated yet,1
@YKDefender,YKDefender,GitHub Organization (by @seanpm2001),Not listed,Not calculated yet,1
URL Handle,Username,Type and owner,Creation dae,repo count,User count (member count)
